id;nome;sn;modello;categoria;montato;colla;heaters;cablato;funzionali;qualifica;custom;note
EM1;EM1_Heavy;161736;EM;Heavy;YES;YES;YES;YES;NO;N/A;"[{""name"":""Statore"",""value"":""161736""},{""name"":""Rotore"",""value"":""165316""},{""name"":""Coppia avvio"",""value"":""0.147""},{""name"":""Coppia precedente"",""value"":""0.295""},{""name"":""Rigidezza"",""value"":""YES""},{""name"":""Freno"",""value"":""NO""},{""name"":""Test motore"",""value"":""Fatto senza carico""},{""name"":""Colla motore"",""value"":""YES""},{""name"":""Colla su TS"",""value"":""-""},{""name"":""Tuning&Fasatura SCU"",""value"":""NO""}]";"Assemblato con viti in MP35N. // Tacco Hard-stop deve essere allineato correttamente|
! //
Tuning SCU da fare. // 
Ricordare ad Aviotec di dover tagliare il freno del Encoder per permettere l'installazione del Brake Support Flange, //
Rimettere la colla su Encoder Statorico."
EM2;EM2_Heavy;164095;EM;Heavy;YES;NO;YES;YES;NO;N/A;"[{""name"":""Statore"",""value"":""164095""},{""name"":""Rotore"",""value"":""165317""},{""name"":""Coppia avvio"",""value"":""0.28""},{""name"":""Rigidezza"",""value"":""YES""},{""name"":""Freno"",""value"":""YES""},{""name"":""Test motore"",""value"":""Fatto con/senza carico + tuning""},{""name"":""Colla motore"",""value"":""YES""},{""name"":""Colla su TS"",""value"":""-""},{""name"":""Tuning&Fasatura SCU"",""value"":""-""}]";"Da assemblare con viti MP35N. // Tacco Hard-stop deve essere allineato correttamente|
! //
Problema rigidezza in corso di investigazione (Cosimo/Conti). // 
Tuning SCU da fare. // "
EM3;EM3_Heavy;160360;EM;Heavy;YES;YES;YES;YES;NO;N/A;"[{""name"":""Statore"",""value"":""160360""},{""name"":""Rotore"",""value"":""165318""},{""name"":""Coppia avvio"",""value"":""0.23""},{""name"":""Coppia precedente"",""value"":""0.575""},{""name"":""Rigidezza"",""value"":""TBD""},{""name"":""Freno"",""value"":""YES""},{""name"":""Test motore"",""value"":""Fatto senza carico""},{""name"":""Colla motore"",""value"":""SI""},{""name"":""Colla su TS"",""value"":""-""},{""name"":""Tuning&Fasatura SCU"",""value"":""YES""}]";"Da assemblare con viti MP35N. // Tacco Hard-stop deve essere allineato correttamente|
! // 
Tuning SCU da fare. // Tuning e fasatura eseguita con SCU3"
EM4;EM4_Heavy;161737;EM;Heavy;YES;YES;YES;NO;NO;N/A;"[{""name"":""Statore"",""value"":""161737""},{""name"":""Rotore"",""value"":""165319""},{""name"":""Coppia avvio"",""value"":""0.163""},{""name"":""Coppia precedente"",""value"":""0.375""},{""name"":""Rigidezza"",""value"":""YES""},{""name"":""Freno"",""value"":""NO""},{""name"":""Test motore"",""value"":""Fatto senza carico""},{""name"":""Colla motore"",""value"":""YES""},{""name"":""Colla su TS"",""value"":""-""},{""name"":""Tuning&Fasatura SCU"",""value"":""-""}]";"Da assemblare con viti MP35N. // Tacco Hard-stop deve essere allineato correttamente|
! 
"
EM5;EM5_Light;?;EM;Light;NO;NO;NO;NO;NO;N/A;"[{""name"":""Statore"",""value"":""?""},{""name"":""Rotore"",""value"":""?""},{""name"":""Rigidezza"",""value"":""TBD""},{""name"":""Freno"",""value"":""NO""},{""name"":""Test motore"",""value"":""Da fare""}]";"Coppia da misurare da PMC. In attesa arrivo motore. // Tacco Hard-stop deve essere allineato correttamente|
! //"
EM6;EM6_Light;161741;EM;Light;YES;NO;YES;YES;NO;N/A;"[{""name"":""Statore"",""value"":""161741""},{""name"":""Rotore"",""value"":""165320""},{""name"":""Coppia avvio"",""value"":""0.123""},{""name"":""Rigidezza"",""value"":""YES""},{""name"":""Freno"",""value"":""YES""},{""name"":""Test motore"",""value"":""Fatto con/senza carico""},{""name"":""Colla motore"",""value"":""SI""},{""name"":""Colla su TS"",""value"":""-""},{""name"":""Tuning&Fasatura"",""value"":""-""}]";Da smontare/rimontare con colle (viti MP35N). // Tacco Hard-stop deve essere allineato correttamente ! //Pending accettabilità LLRS. //  Tuning SCU da fare.
EM7;EM7_Light;161739;EM;Light;YES;NO;YES;YES;NO;N/A;"[{""name"":""Statore"",""value"":""161739""},{""name"":""Rotore"",""value"":""?""},{""name"":""Coppia avvio"",""value"":""0.093""},{""name"":""Coppia precedente"",""value"":""0.3""},{""name"":""Rigidezza"",""value"":""TBD""},{""name"":""Freno"",""value"":""YES""},{""name"":""Test motore"",""value"":""Fatto con/senza carico""},{""name"":""Colla motore"",""value"":""SI""},{""name"":""Colla su TS"",""value"":""-""},{""name"":""Tuning&Fasatura"",""value"":""-""}]";"Da smontare/rimontare con colle.  // Tacco Hard-stop deve essere allineato correttamente|
! //"
EQML;EQM_Light;161740;EQM;EQM;YES;YES;YES;YES;NO;;"[{""name"":""Statore"",""value"":""161740""},{""name"":""Rotore"",""value"":""162127""},{""name"":""Coppia avvio"",""value"":""0.21""},{""name"":""Rigidezza"",""value"":""YES""},{""name"":""Freno"",""value"":""NO""},{""name"":""Test motore"",""value"":""Da rifare""}]";Installare l'Encoder con disallineamento durante montaggio.
EQMH;EQM_Heavy;161738;EQM;EQM;YES;YES;YES;YES;NO;Vibrazioni/shock OK - TVAC da rifare;"[{""name"":""Statore"",""value"":""161738""},{""name"":""Rotore"",""value"":""162126""},{""name"":""Coppia avvio"",""value"":""0.16""},{""name"":""Rigidezza"",""value"":""YES""},{""name"":""Freno"",""value"":""NO""},{""name"":""Test motore"",""value"":""Fatto con/senza carico""}]";Problema con il freno, montare un freno nuovo.
SCU1;SCU1;-;PFM;Board;-;-;-;-;-;Test conclusi;"[{""name"":""Test motore"",""value"":""Test conclusi""}]";Rilavorazione COE: cambiare resistenze di sensing.
SCU2;SCU2;-;PFM;Board;-;-;-;-;-;Test conclusi;"[{""name"":""Test motore"",""value"":""Test conclusi""}]";1ch da riparare al CoE. Si può usare solo ch3 (max 3A). Cambiare resistenze di sensing.
SCU3;SCU3;-;PFM;Board;-;-;-;-;-;Test conclusi;"[{""name"":""Test motore"",""value"":""Test conclusi""}]";Rilavorazione COE: cambiare resistenze di sensing.
SCU4;SCU4;-;PFM;Board;-;-;-;-;-;Test conclusi - manca parte resolver;"[{""name"":""Test motore"",""value"":""In corso""}]";Rilavorazione COE: cambiare resistenze di sensing.
SCU5;SCU5;-;PFM;Board;-;-;-;-;-;Test conclusi;"[{""name"":""Test motore"",""value"":""Test conclusi""}]";Rilavorazione COE OK. Test con motore Umbra quando disponibile.
RCU;RCU;-;PFM;Board;-;-;-;-;-;Da verificare;;Verificare piastra vibrazioni RCU (Cosimo).